KPI,Value
Total Customers,10000.0
Total Accounts,13555.0
Total Loans,7000.0
Total Deposits,12504056179.43
Total Advances,9728524173.09
Interest Income,924242738.14
Interest Expense,504670206.67
Net Interest Income,419572531.46999997
Fee Income,100543293.31
Other Income,49196789.480000004
Total Income,1073982820.93
Operating Expenses,630937557.17
Provision Expense,71754345.02000001
Pre-Provision Profit,443045263.7600001
Net Profit,371290918.7400001
Profit Margin,0.34571402028431525
Cost to Income Ratio,0.5874745339256437
Loan to Deposit Ratio,0.7780294676773818
NPA Ratio,0.0
NPA Outstanding,0.0
Digital Transaction Adoption,0.6220944746960985
