BranchID,DepositsINR,AdvancesINR,InterestIncomeINR,InterestExpenseINR,FeeIncomeINR,OtherIncomeINR,OperatingExpenseINR,ProvisionINR,NetProfitINR,BranchName,Region,City,NetInterestIncomeINR,TotalIncomeINR,ProfitMargin,CostToIncomeRatio,LoanToDepositRatio,ProfitRank,PerformanceCategory
B001,609434061.44,474832167.3,45656278.05,23669381.3,4779854.04,2201158.68,30847323.23,3768853.2,18021114.34,Delhi Main,North,Delhi,21986896.749999996,52637290.769999996,0.34236401753167206,0.586035542079629,0.7791362467959926,13,High Performer
B002,629425195.7,482392617.14,45128546.49,25356197.85,4852996.29,2394827.21,30216331.95,3798002.43,18362035.61,Ludhiana Main,North,Ludhiana,19772348.64,52376369.99,0.35057862187673156,0.5769077153641818,0.7664018225446452,11,High Performer
B003,612617485.52,475275183.59,44970783.83,24016244.43,4679062.13,2426367.06,30806801.71,3638972.47,17630438.84,Chandigarh Main,North,Chandigarh,20954539.4,52076213.02,0.3385507090008443,0.5915714665766608,0.7758106727668382,15,High Performer
B004,585195798.05,497243733.0,47711588.23,24582443.67,5014661.05,2475400.22,29438086.04,3513238.34,22250325.12,Jaipur Main,North,Jaipur,23129144.559999995,55201649.49999999,0.4030735552567139,0.5332827244591668,0.8497048930578869,3,High Performer
B005,656598303.33,481953444.19,46046368.410000004,27106237.5,5314462.4399999995,2325661.89,32776077.09,3798356.0100000002,17112059.64,Lucknow Main,North,Lucknow,18940130.910000004,53686492.74,0.31874050187767955,0.6105088154805025,0.7340156709905094,16,High Performer
B006,610223345.35,473364464.02,44842674.33,23981131.669999998,4305532.96,2393489.75,31772694.82,3514842.28,16254159.940000003,Mumbai Main,West,Mumbai,20861542.66,51541697.04,0.31535942496005953,0.6164464238603192,0.7757232948019988,17,High Performer
B007,652715918.5,494896877.1,46084901.44,26978098.6,5291617.97,2638602.59,32040034.11,3744079.07,18231008.82,Pune Main,West,Pune,19106802.839999996,54015122.0,0.3375167572517933,0.5931678560311314,0.7582117473667834,12,High Performer
B008,569155150.04,467485707.99,42884875.25,23685702.59,4216670.26,2316585.77,28176989.36,3412152.8,17828989.119999997,Ahmedabad Main,West,Ahmedabad,19199172.66,49418131.28,0.36077829448835436,0.5701751286456171,0.8213677904120613,14,High Performer
B009,669209640.76,442830329.53,39980165.92,26823012.49,5469669.45,2567522.06,35610962.06,3542836.35,8863559.02,Surat Main,West,Surat,13157153.430000003,48017357.43000001,0.18459072915291827,0.741626860909909,0.6617213837910221,20,Watchlist
B010,679708354.84,492699900.19,47037084.01,29309239.75,5399487.68,2549509.13,35830030.75,3337806.38,15818243.690000001,Bangalore Main,South,Bangalore,17727844.259999998,54986080.82,0.2876772349311802,0.6516200139321005,0.724869566015529,18,Stable Performer
B011,678760309.02,466921688.52,45096566.28,26054429.8,5735325.97,2947483.23,35606280.82,3596005.84,14577088.819999998,Chennai Main,South,Chennai,19042136.48,53779375.48,0.2710535161461864,0.6620805932051333,0.6879036418528148,19,Stable Performer
B012,624590707.7,468737978.9,45175799.75,24708591.58,5072976.09,2574419.71,30207985.240000002,3572736.13,19042474.18,Hyderabad Main,South,Hyderabad,20467208.17,52823195.550000004,0.3604945513373054,0.5718697046907455,0.7504722262457059,8,High Performer
B013,539986947.83,516074096.27,49097269.160000004,20497462.38,4250655.83,2101331.22,26205105.01,3580357.44,25663793.759999998,Kochi Main,South,Kochi,28599806.780000005,55449256.21,0.46283386855190417,0.47259615008639266,0.955715871177819,1,High Performer
B014,622054396.5,504881020.47,48601495.15,26376741.53,4982020.49,2468545.38,31761479.35,3625446.44,20665135.23,Kolkata Main,East,Kolkata,22224753.619999997,56052061.02,0.36867752681969085,0.5666424886440331,0.8116348398318892,5,High Performer
B015,607619036.23,506283202.7,49626616.8,23982612.759999998,5063918.2700000005,2497335.88,31381912.78,3743334.19,22062623.98,Bhubaneswar Main,East,Bhubaneswar,25644004.04,57187870.95,0.38579201522101775,0.5487511994883943,0.8332247222556706,4,High Performer
B016,650707249.57,517741747.56,48377753.63,26997430.77,5542595.69,2419676.4,33153549.06,3974311.29,19212165.37,Patna Main,East,Patna,21380322.860000003,56340025.72,0.34100384450445725,0.5884546312557132,0.795660026689627,7,High Performer
B017,609518530.79,471429625.40999997,45351020.73,24696879.86,5005716.13,2444648.14,30476483.62,3456426.62,18868474.76,Guwahati Main,East,Guwahati,20654140.869999997,52801385.0,0.357348102895407,0.5771909888348573,0.7734459275569157,9,High Performer
B018,637363486.96,493731367.65,46223742.94,26104368.43,5176326.76,2476429.92,31893400.66,3280529.29,18702569.669999998,Bhopal Main,Central,Bhopal,20119374.509999998,53876499.62,0.34713780223125784,0.5919723977049273,0.7746464580280951,10,High Performer
B019,641322316.44,524603947.36,50608832.05,24209893.13,5382830.43,2537860.48,32608943.16,3659900.23,22260679.57,Indore Main,Central,Indore,26398938.919999998,58529522.95999999,0.3803324962209807,0.5571366638727855,0.8180035746644413,2,High Performer
B020,617849944.86,475145074.2,45740375.69,25534106.580000002,5006913.38,2439934.76,30127086.35,3196158.22,19863979.259999998,Nagpur Main,Central,Nagpur,20206269.109999996,53187223.83,0.373472759614045,0.5664346469049389,0.7690298884912325,6,High Performer
